1,fcode@gmail.com,12345,NXB F Code, ,1,1,2002,HCM city,1,222,
2,user@gmail.com,123456,Lili,Elbe,1,1,2002,HCM city,0,0,
3,meow@gmail.com,1235,Tuan Kiet,Truong Le,1,1,2002,HCM city,0,1,
4,trang@gmail.com,12345,Trang,,1,1,2002,HCM city,0,1,
5,a,a,Test,Account,1,1,2002,HCM city,1,0,
6,sangtran@gmail.com,12345,Sang,Tran,1,1,1900,,0,0,













































































































































































































































































